participant_id,trial_num,prime_type,prime_image,coherence,direction,presented,prime_duration,mask_duration,scr,pupil_size,hrv,correct,rt,accuracy
1,1,negative,1300,0.5,left,True,0.033,0.1,2.7941938442750596,4.8443074129653905,53.919529002072814,True,0.42218207620252823,0.8250000000000001
1,1,neutral,2210,0.4,left,True,0.033,0.1,1.3664721006833176,3.6587828175611414,45.337133389527715,True,0.6626524369030207,0.7
1,1,positive,1463,0.4,right,True,0.033,0.1,2.0814874730422326,4.086818068976941,51.05897292048074,False,0.6182003875805571,0.6649999999999999
1,1,positive,1463,0.1,right,True,0.033,0.1,2.0663873418129852,4.172308122467839,56.21987814664399,True,0.686155110692842,0.5225
1,1,negative,2683,0.3,left,True,0.033,0.1,1.760303246838265,4.938129178838848,50.5401314935483,True,0.5357310182525801,0.7150000000000001
1,1,neutral,2383,0.3,left,True,0.033,0.1,2.514981535979695,3.0762037780354863,54.1338711641781,True,0.703223681092255,0.65
1,1,neutral,2514,0.1,right,True,0.033,0.1,3.048173550372444,3.123227550279569,50.260094400907654,False,0.7951497878657704,0.55
1,1,negative,1050,0.1,right,True,0.033,0.1,3.1065833237229574,4.963035781584042,46.74535218032575,True,0.613396877418473,0.6050000000000001
1,1,negative,1300,0.5,right,True,0.033,0.1,2.843983429061471,4.671953033902303,45.72541927599886,True,0.6799578376468016,0.8250000000000001
1,1,neutral,2210,0.2,left,True,0.033,0.1,2.3757689188424984,3.9660637938075562,50.82555516315319,True,0.7110438071287913,0.6
1,1,positive,1710,0.3,right,True,0.033,0.1,2.6329164098334497,3.7576784255921853,45.60637381304143,True,0.7840733755097987,0.6174999999999999
1,1,positive,1010,0.5,right,True,0.033,0.1,1.744570390220772,3.8178952799873804,47.84612440770599,False,0.6607220790312275,0.7124999999999999
1,1,negative,2120,0.1,left,True,0.033,0.1,4.337424209384584,4.598758903821164,51.57384221931281,True,0.7320092696745789,0.6050000000000001
1,1,negative,2120,0.1,left,True,0.033,0.1,3.956016688429947,4.005789899074739,50.756253907380504,True,0.4887595453170578,0.6050000000000001
1,1,negative,1050,0.3,left,True,0.033,0.1,3.7276587323051733,4.762868284740211,54.018023542723505,True,0.5348983091087864,0.7150000000000001
1,1,positive,1010,0.1,right,True,0.033,0.1,3.4550377853128413,4.101775980195825,48.522500389683316,True,0.6998034772122294,0.5225
1,1,neutral,2210,0.2,left,True,0.033,0.1,2.3725695199197463,3.193135910865072,50.31506178842081,False,0.5423845594296834,0.6
1,1,negative,2683,0.4,right,True,0.033,0.1,3.6367801520440235,4.744912012462603,42.12588086963199,False,0.7647757920577906,0.77
1,1,neutral,2480,0.4,right,True,0.033,0.1,1.5334970488832815,3.619021828288299,62.212790059963154,True,0.5480804987389118,0.7
1,1,neutral,2383,0.1,right,True,0.033,0.1,2.48854837547306,3.594881939472057,43.53161406886474,False,0.6737929370398266,0.55
1,1,positive,1010,0.1,right,True,0.033,0.1,1.7999740085477798,3.6151846667635725,47.574832150000084,True,0.7865099531692705,0.5225
1,1,positive,1010,0.5,right,True,0.033,0.1,2.624715867266697,4.238281741798168,49.26586401215238,False,0.5124896453750839,0.7124999999999999
1,1,neutral,2514,0.3,right,True,0.033,0.1,1.340593943969153,3.0697067962355424,47.228303788834154,True,0.7181240505834621,0.65
1,1,negative,1930,0.5,left,True,0.033,0.1,4.453834836342635,4.57305704499652,54.08434677942848,True,0.5804786987547722,0.8250000000000001
1,1,negative,1050,0.5,right,True,0.033,0.1,4.254091157456788,4.049579650875075,45.954073211739015,True,0.621947431078474,0.8250000000000001
1,1,neutral,2480,0.2,left,True,0.033,0.1,1.0946731472112126,3.350125857275909,45.388728560527795,False,0.6469368247947488,0.6
1,1,positive,1010,0.2,right,True,0.033,0.1,2.4529666585839234,4.284831191728433,47.96111324103583,True,0.8009998929754364,0.57
1,1,positive,1440,0.2,left,True,0.033,0.1,2.312709979879098,4.126850234217062,47.14838324729945,True,0.7694126417848592,0.57
1,1,neutral,2514,0.5,right,True,0.033,0.1,1.3297297198460405,3.646912632724154,55.65892177127087,True,0.5012369865785362,0.75
1,1,negative,1300,0.2,right,True,0.033,0.1,4.204774912647669,3.867774844327398,37.34701568941359,True,0.7701033328758191,0.66
1,1,neutral,2383,0.5,right,True,0.033,0.1,1.0523799689983706,3.639485591951449,47.88794804456366,True,0.6128432166728983,0.75
1,1,neutral,2514,0.3,right,True,0.033,0.1,2.589604636236883,3.3238334234764606,45.664129873006985,True,0.6787615286082961,0.65
1,1,neutral,2210,0.2,right,True,0.033,0.1,1.8314718669117371,3.3885874041212305,44.3220539644902,True,0.622857334068188,0.6
1,1,neutral,2190,0.5,left,True,0.033,0.1,2.3159176732390203,3.1884250226811988,55.32611485681822,False,0.4969941721517906,0.75
1,1,neutral,2210,0.1,right,True,0.033,0.1,1.1645363029813132,3.998379847931896,52.02496575370121,False,0.6357332503944839,0.55
1,1,negative,1050,0.1,right,True,0.033,0.1,4.252877267500121,4.271589203122027,47.50217894505112,False,0.756440515560544,0.6050000000000001
1,1,negative,1300,0.3,right,True,0.033,0.1,3.6496103827329174,3.9982903782647647,39.909014335188374,True,0.554320860295459,0.7150000000000001
1,1,neutral,2514,0.3,left,True,0.033,0.1,2.580841182515209,3.7181161027597627,52.96993672335406,False,0.6873340838381067,0.65
1,1,neutral,2480,0.2,left,True,0.033,0.1,1.7789891390811357,3.508766945905097,49.906905052346026,True,0.553728468644952,0.6
1,1,negative,1300,0.3,left,True,0.033,0.1,4.06210480654129,4.9600865499576035,48.89473421640018,True,0.7803375599651665,0.7150000000000001
1,1,neutral,2514,0.5,left,True,0.033,0.1,2.368544725962127,3.908802682540926,39.31901589524622,True,0.5153531587562655,0.75
1,1,neutral,2514,0.2,right,True,0.033,0.1,2.7782979242786037,3.7958500011106113,43.71261934380786,False,0.7433417602135072,0.6
1,1,positive,1710,0.2,right,True,0.033,0.1,2.0920213039849895,3.5059216710008396,50.03577069623321,True,0.7400989874624603,0.57
1,1,neutral,2480,0.2,left,True,0.033,0.1,2.45312640309267,3.4801480433074032,50.61713012996499,False,0.6197488674869807,0.6
1,1,positive,1463,0.3,left,True,0.033,0.1,2.8552881921014763,3.4029771600403573,59.18450130656032,True,0.708558108810436,0.6174999999999999
1,1,positive,1710,0.5,left,True,0.033,0.1,2.5441400679964157,3.6556312594180445,49.10734954895261,False,0.6333566738773824,0.7124999999999999
1,1,positive,1463,0.4,left,True,0.033,0.1,2.8520762900045393,4.285515119825315,47.00767199265667,True,0.9862921592528049,0.6649999999999999
1,1,negative,1930,0.1,left,True,0.033,0.1,1.643956839970567,4.242907057348073,54.003314590925534,False,0.7035779742631724,0.6050000000000001
1,1,negative,2683,0.1,left,True,0.033,0.1,1.6130823577640792,4.799112644393335,54.00973192313217,True,0.6399777081577587,0.6050000000000001
1,1,neutral,2190,0.3,left,True,0.033,0.1,1.5634846003406682,3.413009715897289,51.92499698784131,False,0.5976364294676635,0.65
1,1,negative,2683,0.1,right,True,0.033,0.1,2.119228052738398,4.094469241994262,48.90730698139051,True,0.6918404314499994,0.6050000000000001
1,1,neutral,2210,0.4,right,True,0.033,0.1,1.1563775128326321,3.7625890342148205,43.5018055727426,False,0.5098490060208236,0.7
1,1,positive,1440,0.3,left,True,0.033,0.1,1.9123986673933353,3.6054573419876372,57.47506911276891,False,0.7806177926080782,0.6174999999999999
1,1,negative,1300,0.5,left,True,0.033,0.1,4.2836055427097195,4.4855478937278,54.51710584854778,True,0.5456325142665267,0.8250000000000001
1,1,negative,1300,0.2,right,True,0.033,0.1,2.3728791347475475,4.89136034175621,42.72317238331644,False,0.48873587836623655,0.66
1,1,positive,1710,0.3,left,True,0.033,0.1,2.7115284054930884,3.3820273518896,50.51877532029295,False,0.7645845282327817,0.6174999999999999
1,1,neutral,2514,0.1,left,True,0.033,0.1,1.929261735380223,3.9258538153128435,52.15690819306303,True,0.8108694316101657,0.55
1,1,neutral,2480,0.3,right,True,0.033,0.1,1.1351736245536228,3.852965699027692,53.240033602958206,False,0.7008886962075367,0.65
1,1,positive,1710,0.3,left,True,0.033,0.1,1.57687223937853,3.7159775981891436,52.40318223058925,True,0.7278345104714325,0.6174999999999999
1,1,positive,1440,0.3,left,True,0.033,0.1,2.326200722963575,3.6439961204563884,53.76669661462476,True,0.575846190189166,0.6174999999999999
1,1,positive,1750,0.2,left,True,0.033,0.1,1.4646606156984576,4.287525129827474,44.12062651099905,True,0.655042598187987,0.57
1,1,positive,1463,0.2,right,True,0.033,0.1,2.106444080371599,3.904473493056787,49.92994055596184,False,0.6490053232644942,0.57
1,1,neutral,2480,0.3,right,True,0.033,0.1,2.918835735373759,3.7484807999803516,41.845643329361316,False,0.7353798020446465,0.65
1,1,positive,1750,0.2,right,True,0.033,0.1,1.2881214107764742,3.3487843322342856,50.850460350636155,True,0.6872497287441016,0.57
1,1,negative,2120,0.5,left,True,0.033,0.1,2.80074561471982,4.511669249533051,56.209045584359984,True,0.5277962818254031,0.8250000000000001
1,1,neutral,2190,0.1,left,True,0.033,0.1,2.225425450260053,3.3649906361323216,49.128340506260066,True,0.7284220632764238,0.55
1,1,neutral,2383,0.3,left,True,0.033,0.1,3.0059346192278755,3.09485302096411,50.66234663082373,False,0.5382306393864975,0.65
1,1,negative,1050,0.4,right,True,0.033,0.1,3.235557896449176,5.026805955215058,49.38381901582922,True,0.5162327357334433,0.77
1,1,neutral,2190,0.4,right,True,0.033,0.1,2.0968589535217754,3.510069020717639,53.49345429903996,True,0.5513810597994941,0.7
1,1,negative,2683,0.2,right,True,0.033,0.1,3.8029245713663924,4.9890443650899154,46.1287674689113,False,0.7255663751392235,0.66
1,1,neutral,2514,0.5,left,True,0.033,0.1,1.149813360153305,3.9763758503949633,56.003456703121806,True,0.6245378737483602,0.75
1,1,positive,1010,0.3,right,True,0.033,0.1,2.3096418891664774,3.8257113038651975,51.007962505451935,True,0.7737722238258766,0.6174999999999999
1,1,negative,1930,0.1,left,True,0.033,0.1,2.335912183461329,4.448840551118968,55.91481724315481,True,0.7372975818154105,0.6050000000000001
1,1,neutral,2514,0.4,right,True,0.033,0.1,2.819022976082543,3.5372458080321025,54.52739073821527,True,0.5112721327750503,0.7
1,1,negative,1930,0.2,right,True,0.033,0.1,1.6299085144216874,4.842345102652076,41.41958260961701,True,0.5800991231524676,0.66
1,1,neutral,2514,0.3,right,True,0.033,0.1,1.2777666879327154,3.359404337475341,49.70030368427497,True,0.6780718128997869,0.65
1,1,positive,1463,0.3,right,True,0.033,0.1,3.1664182017351017,4.035315118198857,39.97057812908614,True,0.5351530238788645,0.6174999999999999
1,1,neutral,2514,0.4,left,True,0.033,0.1,1.253253954381425,3.7154394824844976,53.37068127986363,True,0.7581457164319569,0.7
1,1,neutral,2190,0.5,left,True,0.033,0.1,1.2021815042971478,3.1157422168184157,50.74173172510766,True,0.6474717173633312,0.75
1,1,negative,1050,0.3,left,True,0.033,0.1,2.4754678628175157,5.1388617417654165,50.05990745556663,True,0.5500497314135356,0.7150000000000001
1,1,positive,1710,0.1,left,True,0.033,0.1,2.846832117736136,3.644210065488035,55.95101372686716,False,0.9458554263797475,0.5225
1,1,negative,1050,0.2,right,True,0.033,0.1,4.119142341307981,5.0625823125357154,52.11585589981652,False,0.5339677043308294,0.66
1,1,neutral,2190,0.1,right,True,0.033,0.1,2.784046921320379,3.1241076905337013,55.082906332035186,True,0.538396966599278,0.55
1,1,positive,1010,0.4,left,True,0.033,0.1,2.1090242939323476,4.478616800301351,55.19216536666543,True,0.7682275805416412,0.6649999999999999
1,1,positive,1440,0.1,left,True,0.033,0.1,2.5822718606692736,4.1737588731645765,54.567942133892,False,0.7521810091156302,0.5225
1,1,negative,1930,0.5,left,True,0.033,0.1,3.403693933691746,4.661718048637923,58.19107920362493,False,0.3550411200528491,0.8250000000000001
1,1,neutral,2514,0.1,left,True,0.033,0.1,1.3703700799483185,3.589778526015458,55.26851994509812,False,0.8017515464706946,0.55
1,1,positive,1710,0.4,left,True,0.033,0.1,2.8256299688105604,3.6977673394235424,53.31405753638636,False,0.6651463751654374,0.6649999999999999
1,1,neutral,2514,0.3,right,True,0.033,0.1,1.2618839550896412,3.8517876790655183,42.72417043884859,True,0.5509934879620106,0.65
1,1,negative,2120,0.1,right,True,0.033,0.1,4.321726810866755,4.767286091205708,44.94445268719529,False,0.7534450062898617,0.6050000000000001
1,1,negative,1050,0.1,left,True,0.033,0.1,2.5184722238969046,4.243501197459893,61.461208192505694,True,0.4872234407854039,0.6050000000000001
1,1,positive,1750,0.4,left,True,0.033,0.1,2.0441730626130146,3.96813143148818,50.025838134043596,False,0.7173374626325898,0.6649999999999999
1,1,neutral,2210,0.2,right,True,0.033,0.1,1.2260564065519735,3.0949116829274,48.38636541157422,True,0.7205528486597417,0.6
1,1,negative,1300,0.4,left,True,0.033,0.1,3.3102473179864287,4.8217272248457705,57.1476467517177,True,0.6236844422068432,0.77
1,1,positive,1750,0.5,right,True,0.033,0.1,3.233856445343098,4.202721487870547,45.379495176112776,True,0.6544451562655954,0.7124999999999999
1,1,neutral,2383,0.5,left,True,0.033,0.1,1.4549209009178385,3.070214195579582,44.08900926655201,False,0.6852099576106119,0.75
1,1,neutral,2210,0.3,left,True,0.033,0.1,2.4478831659666787,3.4427863165138493,49.47488463212619,True,0.6029652083012154,0.65
1,1,positive,1750,0.5,left,True,0.033,0.1,2.3792857842735047,3.660539441422371,48.64407839102534,True,0.6898459402262912,0.7124999999999999
1,1,negative,2120,0.4,left,True,0.033,0.1,3.6438709950186112,4.367520239976553,42.08676961376108,False,0.557477474822524,0.77
1,1,neutral,2514,0.1,right,True,0.033,0.1,1.256906528221403,3.402518587358924,50.00359381590121,True,0.7817625285163519,0.55
1,1,neutral,2210,0.1,left,True,0.033,0.1,1.729826966600644,3.422463635678641,54.08140073355035,False,0.8618712514248987,0.55
1,1,negative,1300,0.2,right,True,0.033,0.1,1.9255977814357903,4.286279190865719,49.44897142307555,True,0.6653623851380149,0.66
1,1,negative,2120,0.2,right,True,0.033,0.1,3.4296648753246544,4.9880537897967185,48.48433930879743,True,0.7804623386825468,0.66
1,1,negative,1930,0.2,left,True,0.033,0.1,4.098041338174212,5.075509192648028,49.60649145648627,True,0.6056131467275159,0.66
1,1,negative,1300,0.3,right,True,0.033,0.1,1.8598637382026524,5.023689719192631,45.79588057461933,True,0.6890975408355874,0.7150000000000001
1,1,neutral,2480,0.1,left,True,0.033,0.1,1.5844097186806514,3.164921638258378,43.780180850361454,True,0.5881364013119474,0.55
1,1,positive,1710,0.1,left,True,0.033,0.1,3.5183608220011444,3.5254545031285307,55.77715871956532,False,0.7396117929414804,0.5225
1,1,neutral,2383,0.2,right,True,0.033,0.1,1.6896541218438164,3.376640839589554,46.23898832057256,True,0.6494354481623194,0.6
1,1,neutral,2480,0.3,left,True,0.033,0.1,1.392110847952978,3.1480012510827793,52.2190901424087,False,0.7162889118332701,0.65
1,1,negative,2683,0.4,right,True,0.033,0.1,3.0002211510779038,4.373260464476807,62.98472373215529,True,0.5093043162960232,0.77
1,1,negative,2120,0.1,left,True,0.033,0.1,2.8231003269010513,4.225410950061275,49.65434343642378,True,0.676548082483997,0.6050000000000001
1,1,positive,1750,0.2,right,True,0.033,0.1,1.742260227192675,4.236021942016773,50.699148517975544,False,0.856557101923807,0.57
1,1,neutral,2383,0.2,right,True,0.033,0.1,2.0713835037698662,3.2127111715317445,52.33288623976397,False,0.6651163613060425,0.6
1,1,neutral,2480,0.5,right,True,0.033,0.1,2.5981107317279393,3.5006288815298867,54.54990788056319,True,0.5022673793162026,0.75
1,1,neutral,2190,0.2,left,True,0.033,0.1,2.983659978622979,3.2967508928630624,48.78365473404343,False,0.6813978913773591,0.6
1,1,positive,1010,0.3,right,True,0.033,0.1,1.7978159921861685,3.636530360879578,42.2898779684473,True,0.7863585453288432,0.6174999999999999
1,1,positive,1750,0.2,left,True,0.033,0.1,1.435936133316838,3.8350178908651205,53.083169102795054,True,0.8581458720552413,0.57
1,1,neutral,2190,0.3,left,True,0.033,0.1,2.4538405645348216,3.529253564311871,43.13347693917596,False,0.5856454625432099,0.65
1,1,positive,1710,0.5,right,True,0.033,0.1,2.017368678708559,3.9157590856659605,55.37135205757373,False,0.6780927341258349,0.7124999999999999
1,1,positive,1710,0.4,right,True,0.033,0.1,2.4130577217311977,3.3661041491932635,56.4615172041607,True,0.5539108422630888,0.6649999999999999
1,1,positive,1463,0.2,left,True,0.033,0.1,3.3233067713123434,4.010946135445179,49.66710146799592,True,0.7316640972235977,0.57
1,1,negative,2120,0.3,right,True,0.033,0.1,3.8821208280816806,4.597183327237245,44.03448557615674,True,0.660388583237881,0.7150000000000001
1,1,neutral,2480,0.2,right,True,0.033,0.1,1.8386439999902033,3.2128025092502384,53.46680044670216,True,0.5915739008322576,0.6
1,1,positive,1750,0.3,left,True,0.033,0.1,3.0383458528667777,3.7968117280090508,48.16526850543545,True,0.7259802678530934,0.6174999999999999
1,1,positive,1710,0.1,left,True,0.033,0.1,2.309370660155248,4.139231527618843,56.66922621694253,False,0.8710406185109411,0.5225
1,1,negative,1930,0.4,right,True,0.033,0.1,3.713947242301601,4.871750720610744,53.93548512876103,True,0.720927171475282,0.77
1,1,neutral,2383,0.5,right,True,0.033,0.1,1.1086793686301706,3.7384284796734466,48.26796688786791,True,0.5767924438644815,0.75
1,1,negative,2683,0.5,right,True,0.033,0.1,3.050466033022391,4.677662095857989,47.22655213435312,False,0.5463612519707288,0.8250000000000001
1,1,neutral,2210,0.2,left,True,0.033,0.1,1.2499383161149467,3.8562486257534507,47.99644743366135,True,0.5731697259389641,0.6
1,1,positive,1463,0.2,right,True,0.033,0.1,1.370864848045119,3.860035748684669,51.76058220201783,True,0.828653675254731,0.57
1,1,neutral,2190,0.4,right,True,0.033,0.1,1.6060669205296785,3.8529206139321572,49.57751450484606,True,0.6536556111180427,0.7
1,1,neutral,2480,0.2,right,True,0.033,0.1,2.0202465593207264,3.9234638538800786,47.27189959368206,False,0.8111695259041503,0.6
1,1,negative,1300,0.2,left,True,0.033,0.1,4.278618982965792,4.0727464155402044,48.33696439770931,False,0.7584431703499536,0.66
1,1,positive,1440,0.4,right,True,0.033,0.1,2.7296013884252206,4.187550798123614,53.47468977857057,False,0.5962637360845455,0.6649999999999999
1,1,negative,2120,0.1,right,True,0.033,0.1,3.616701343457846,5.13164710404228,47.95227819735775,True,0.7747306790751372,0.6050000000000001
1,1,negative,2683,0.3,right,True,0.033,0.1,1.9836331967356413,4.092633866178216,48.43349428679985,False,0.8346568943048228,0.7150000000000001
1,1,neutral,2383,0.1,right,True,0.033,0.1,1.9138441961320687,3.3149895099120337,56.068597356739446,False,0.7661062013070274,0.55
1,1,positive,1440,0.2,right,True,0.033,0.1,3.446274741346498,4.11547192720055,51.300836207958895,True,0.688131493995457,0.57
1,1,negative,2683,0.4,left,True,0.033,0.1,1.766841870440117,4.191496835076768,47.694224495733636,True,0.5829138997979237,0.77
1,1,positive,1750,0.5,left,True,0.033,0.1,1.9358216500010232,4.253442941396161,40.264080584323196,True,0.686015618445675,0.7124999999999999
1,1,neutral,2480,0.1,left,True,0.033,0.1,2.967045912283362,3.5847297210461004,41.50043089405884,False,0.715641771780056,0.55
1,1,negative,2683,0.4,left,True,0.033,0.1,2.0155219747311603,5.0547744187753665,50.74559935860944,True,0.6782257166615693,0.77
1,1,positive,1010,0.2,right,True,0.033,0.1,3.568891183023348,3.46985200549386,51.51589904921973,True,0.6645938629510967,0.57
1,1,negative,1300,0.5,right,True,0.033,0.1,2.9198668154990957,3.9225564123497754,46.089594282306884,True,0.3917911737515556,0.8250000000000001
1,1,positive,1010,0.1,left,True,0.033,0.1,1.830443678837287,3.8386595680998754,56.74562966881814,False,0.8158648287054752,0.5225
1,1,positive,1750,0.3,right,True,0.033,0.1,1.4571895466047315,4.132534516820773,49.273711763523224,True,0.8061601509723365,0.6174999999999999
1,1,positive,1710,0.1,right,True,0.033,0.1,1.341347605942085,4.375150510287239,51.47113264364142,True,0.8851652586641965,0.5225
1,1,positive,1750,0.4,left,True,0.033,0.1,3.4359218883220146,4.303719641990044,46.39322029139279,False,0.6187719621633154,0.6649999999999999
1,1,negative,1050,0.3,right,True,0.033,0.1,3.668107591094878,4.215353951853356,46.106529262286486,True,0.7042800629662789,0.7150000000000001
1,1,negative,2683,0.5,right,True,0.033,0.1,3.151015148002229,4.432398067637832,48.61271557689402,False,0.4747796797218239,0.8250000000000001
1,1,negative,2120,0.4,right,True,0.033,0.1,4.09934344927167,5.0177314679916085,47.334378399500295,False,0.5523273633145601,0.77
1,1,neutral,2514,0.4,right,True,0.033,0.1,2.4314902899242368,3.487724099612707,54.988533515380254,True,0.7867518970748367,0.7
1,1,negative,1930,0.1,right,True,0.033,0.1,1.4868051121326398,5.178425055207941,53.23586793256927,True,0.7880414259542434,0.6050000000000001
1,1,neutral,2480,0.3,right,True,0.033,0.1,2.8928809203561046,3.562547110498623,43.740190047447314,True,0.7743410587958977,0.65
1,1,positive,1463,0.5,right,True,0.033,0.1,1.398390495195816,4.294836336315817,56.78346288009691,True,0.4008444437473455,0.7124999999999999
1,1,positive,1463,0.5,left,True,0.033,0.1,1.1523923724519423,3.6253598388939228,48.433479912861046,False,0.5776404276274346,0.7124999999999999
1,1,negative,1050,0.4,right,True,0.033,0.1,4.309432663569949,4.199420540573246,48.40989219910918,True,0.6184043726939559,0.77
1,1,positive,1440,0.5,left,True,0.033,0.1,1.2764549850977476,4.118842227967975,53.90103314127339,True,0.6185986175880815,0.7124999999999999
1,1,neutral,2190,0.5,right,True,0.033,0.1,2.0401963088995796,3.5698056177199384,40.99902899906282,False,0.5110195292513449,0.75
1,1,negative,2120,0.4,left,True,0.033,0.1,2.067275572998799,4.272116594559038,44.70997341065621,True,0.543230483809837,0.77
1,1,negative,1050,0.2,left,True,0.033,0.1,4.322614912850762,4.113414749396146,48.045053031909106,False,0.6611572526083285,0.66
1,1,positive,1710,0.2,left,True,0.033,0.1,1.9260585143075815,3.80649105177966,54.07514165513352,False,0.7654042126849502,0.57
1,1,positive,1463,0.4,right,True,0.033,0.1,2.215932006291421,3.8779904605229425,51.70484302734424,False,0.6481925319622994,0.6649999999999999
1,1,negative,2683,0.1,left,True,0.033,0.1,3.2869795769979824,5.021287029350056,47.160916919764645,True,0.788768655766805,0.6050000000000001
1,1,positive,1710,0.5,right,True,0.033,0.1,2.0817218339956898,3.708484777692486,53.07801095346754,True,0.6641190305972235,0.7124999999999999
1,1,neutral,2480,0.4,right,True,0.033,0.1,1.9991706951733699,3.6595815563916783,56.3378179323212,False,0.56725249659657,0.7
1,1,negative,1050,0.5,left,True,0.033,0.1,4.538605057785506,5.093647908843938,43.44007689257792,True,0.5188103459014288,0.8250000000000001
1,1,negative,1300,0.2,left,True,0.033,0.1,1.9633049151401283,5.035203155684828,51.56470917647133,False,0.6109662446196281,0.66
1,1,neutral,2190,0.1,left,True,0.033,0.1,2.5946034759550556,3.7137957664753447,44.57202705249994,True,0.7253363421093513,0.55
1,1,neutral,2383,0.2,left,True,0.033,0.1,2.3969820936105917,3.5839179274516697,46.046406470037766,True,0.6004011320351977,0.6
1,1,negative,1050,0.2,left,True,0.033,0.1,2.614268086405823,4.368306152836269,42.161918951066,True,0.7621098968983212,0.66
1,1,neutral,2210,0.1,left,True,0.033,0.1,2.7482588011730917,3.3970415034207435,58.08168553046639,True,0.7600959676507818,0.55
1,1,negative,2120,0.1,left,True,0.033,0.1,3.506910503037393,4.676603578723909,48.49887144006429,False,0.7485766236155524,0.6050000000000001
1,1,negative,1300,0.2,left,True,0.033,0.1,4.2248840622648345,4.259566305220532,39.041837481605874,True,0.6307588994796853,0.66
1,1,neutral,2383,0.3,right,True,0.033,0.1,1.8935980106895012,3.8584884782195368,40.724419077241976,False,0.7804202781532117,0.65
1,1,positive,1710,0.4,right,True,0.033,0.1,1.4610966230691733,3.3987068629459714,44.73290278116972,True,0.645514560545487,0.6649999999999999
1,1,neutral,2210,0.1,right,True,0.033,0.1,2.6461965299205787,3.517691465713647,42.9707122642718,False,0.7080500905004703,0.55
1,1,negative,1930,0.5,left,True,0.033,0.1,4.399490531743263,4.095938715659969,52.437268618356505,True,0.5463070032944953,0.8250000000000001
1,1,neutral,2383,0.3,right,True,0.033,0.1,2.5581372347383042,3.3160082680600818,54.12593275272834,False,0.5172584719367459,0.65
1,1,positive,1750,0.1,left,True,0.033,0.1,2.2288757574222804,3.8285551424490345,46.62327798681614,True,0.659997735409629,0.5225
1,1,neutral,2190,0.3,right,True,0.033,0.1,1.0074741031742982,3.669979885793861,56.975953404191024,True,0.5848668899192436,0.65
1,1,negative,2683,0.4,right,True,0.033,0.1,3.8593178756645714,3.9098781404055463,48.90177776855339,True,0.4437561456164738,0.77
1,1,negative,1300,0.3,left,True,0.033,0.1,1.5377722459237804,4.8559676544359185,51.729716828498624,False,0.43025419554480593,0.7150000000000001
1,1,positive,1010,0.2,right,True,0.033,0.1,1.8064101098326828,3.8896230342314664,59.33852458011616,False,0.6974601269843497,0.57
1,1,neutral,2514,0.2,right,True,0.033,0.1,1.5290268057578258,3.1806469624646603,52.07375197744895,True,0.8719258137018063,0.6
1,1,neutral,2190,0.4,right,True,0.033,0.1,2.26998437814049,3.170042356831642,50.66120107524251,True,0.6343988041969826,0.7
1,1,positive,1440,0.4,right,True,0.033,0.1,3.2259874833221502,3.905909251208984,51.385790801967886,True,0.6538943721478415,0.6649999999999999
1,1,positive,1710,0.3,right,True,0.033,0.1,2.217044730139505,4.4159078301204575,41.24228188868164,True,0.6491591790806731,0.6174999999999999
1,1,negative,1930,0.4,left,True,0.033,0.1,4.434001388217864,4.31068056345049,53.95649581173443,True,0.45422908925408717,0.77
1,1,neutral,2210,0.5,right,True,0.033,0.1,2.8719238733879866,4.056899445728627,51.36946337019186,False,0.7347459569362436,0.75
1,1,negative,1300,0.1,right,True,0.033,0.1,2.818116641625554,4.538354371841631,46.76601194953719,True,0.8566085133493251,0.6050000000000001
1,1,positive,1440,0.5,left,True,0.033,0.1,2.830579915936738,4.098151639909015,48.048739757577145,False,0.45633244284309243,0.7124999999999999
1,1,negative,1930,0.3,right,True,0.033,0.1,2.7287576385250216,4.596041079149756,43.30830319918484,True,0.5988611116198559,0.7150000000000001
1,1,negative,1300,0.5,left,True,0.033,0.1,2.404220808819115,3.9850674351096487,47.98936402651983,True,0.4596066952789924,0.8250000000000001
1,1,neutral,2480,0.5,left,True,0.033,0.1,2.4074072515537446,3.6920652473064584,44.032202391204336,True,0.503606035256928,0.75
1,1,negative,1930,0.3,left,True,0.033,0.1,1.4838024140192692,4.265636386443535,54.68489732508745,False,0.7399478957249426,0.7150000000000001
1,1,negative,1930,0.1,right,True,0.033,0.1,3.2439618099049192,5.0385831302435955,56.15647120562261,True,0.5963203935192747,0.6050000000000001
1,1,neutral,2190,0.4,left,True,0.033,0.1,2.4463856281015275,3.722632076857783,61.83430262305977,True,0.8398735332682857,0.7
1,1,negative,1930,0.4,right,True,0.033,0.1,2.3022607355624816,4.084534521627227,48.59864654917986,True,0.6067159790977161,0.77
1,1,negative,1930,0.4,right,True,0.033,0.1,2.5118534129813845,4.646511782755493,51.93464538102577,False,0.5958739503140799,0.77
1,1,negative,1050,0.5,left,True,0.033,0.1,3.827369194066226,4.772164963350171,53.092735455722064,True,0.49695853057260486,0.8250000000000001
1,1,negative,1300,0.3,left,True,0.033,0.1,1.8605754507755123,5.076198300752605,56.090200523083276,True,0.8292083008334976,0.7150000000000001
1,1,positive,1010,0.4,right,True,0.033,0.1,2.511991865674396,4.163212838328661,47.693585844104305,True,0.7315030527952784,0.6649999999999999
1,1,positive,1710,0.3,left,True,0.033,0.1,1.797499565214683,4.169222772482955,56.933533134404996,False,0.6089533253129258,0.6174999999999999
1,1,positive,1463,0.5,right,True,0.033,0.1,1.692920362668174,3.845062649625986,47.83415582747658,True,0.7049961007763716,0.7124999999999999
1,1,negative,1300,0.3,left,True,0.033,0.1,3.8315364995293044,3.833244193769357,51.70375233374703,True,0.667772881917574,0.7150000000000001
1,1,negative,1050,0.2,left,True,0.033,0.1,4.2373520452416145,5.047305725581444,56.537504001214124,True,0.5899014517957578,0.66
1,1,neutral,2190,0.4,right,True,0.033,0.1,1.6768269340171784,3.8172508983066944,52.32422643023252,True,0.7607304520299236,0.7
1,1,positive,1750,0.4,right,True,0.033,0.1,3.2301645852251513,4.4225059109196305,48.78873654679482,False,0.7035374408371726,0.6649999999999999
1,1,negative,2683,0.3,right,True,0.033,0.1,1.837207115501095,4.604363602228977,55.81690190559081,True,0.7749398871101476,0.7150000000000001
1,1,negative,1930,0.2,right,True,0.033,0.1,3.4115687502327696,4.044046445378567,42.14206240176171,True,0.6333697307969076,0.66
1,1,neutral,2190,0.4,right,True,0.033,0.1,1.65461207066176,3.406720994070597,58.18279822191098,True,0.5732036389736146,0.7
1,1,positive,1010,0.1,right,True,0.033,0.1,2.95688930543244,3.5447230248489117,47.51352143775595,False,0.7825068462353928,0.5225
1,1,neutral,2190,0.4,left,True,0.033,0.1,2.927390931647231,3.848504139999511,55.15381617180296,False,0.6646351851278324,0.7
1,1,positive,1750,0.1,right,True,0.033,0.1,3.138800827350207,3.348055961050034,52.558072436795086,True,0.8168344303449947,0.5225
1,1,negative,1300,0.4,left,True,0.033,0.1,2.0342319273631286,4.961953769080873,43.5399236017018,True,0.4910041166831408,0.77
1,1,negative,2683,0.2,left,True,0.033,0.1,4.472828882649944,5.283398863142869,52.27189044747978,False,0.6633990437003128,0.66
1,1,positive,1750,0.3,left,True,0.033,0.1,2.467526404029811,3.2467409070794124,48.14240677653532,True,0.6577409485263985,0.6174999999999999
1,1,neutral,2210,0.4,left,True,0.033,0.1,2.5227623001492976,3.4586221679974,53.35482465838089,False,0.6656890318637224,0.7
1,1,positive,1463,0.1,right,True,0.033,0.1,1.7448949675985057,3.9344729426042915,51.759695878988026,False,0.7652013657779544,0.5225
1,1,neutral,2210,0.5,left,True,0.033,0.1,2.3482568655599803,3.724580699797564,39.54280802013695,True,0.6125901645625675,0.75
1,1,neutral,2210,0.5,right,True,0.033,0.1,1.053039621272012,3.91979917197693,50.769618289358135,False,0.5477798115854976,0.75
1,1,negative,1300,0.4,left,True,0.033,0.1,3.317881090223671,4.686375657865004,52.18229534754978,True,0.46735354391000566,0.77
1,1,neutral,2383,0.5,right,True,0.033,0.1,1.8828740480879762,3.1245470926679864,58.887123457543936,True,0.7317583926687026,0.75
1,1,neutral,2480,0.5,right,True,0.033,0.1,2.7358400877480453,3.5167277160473325,52.82014720186576,True,0.5608464755270771,0.75
1,1,negative,1300,0.1,left,True,0.033,0.1,4.30125556325685,4.955135788293958,35.747086779952184,True,0.7780842615674812,0.6050000000000001
1,1,neutral,2210,0.1,right,True,0.033,0.1,1.4470475206704587,3.1302257548161423,54.70750673826205,True,0.7942187854879399,0.55
1,1,positive,1750,0.5,left,True,0.033,0.1,2.739849675995485,3.8269232773198256,47.95606192645008,True,0.44742188806982486,0.7124999999999999
1,1,negative,1930,0.5,right,True,0.033,0.1,2.883154679337277,4.298771318886927,52.056771477354125,False,0.36270009066010545,0.8250000000000001
1,1,positive,1440,0.3,right,True,0.033,0.1,2.825130098160714,4.173863582473141,41.41118646655435,False,0.8305604225047429,0.6174999999999999
1,1,positive,1010,0.5,right,True,0.033,0.1,2.084563810520202,4.130965269842397,57.99655032919399,True,0.559937301589374,0.7124999999999999
1,1,neutral,2190,0.4,right,True,0.033,0.1,1.1123748176245347,3.4285014737245,40.90152975344719,True,0.6757039678514626,0.7
1,1,negative,2683,0.5,left,True,0.033,0.1,3.053747037973243,4.67740934064783,51.81304861681487,True,0.21648686712214538,0.8250000000000001
1,1,neutral,2514,0.4,left,True,0.033,0.1,1.1376975360596566,3.1701580044624635,50.98751532847063,True,0.7698663203732727,0.7
1,1,positive,1750,0.1,left,True,0.033,0.1,2.2610366294480255,4.148858215534979,49.93805325831621,False,0.7738194728470956,0.5225
1,1,positive,1440,0.4,left,True,0.033,0.1,2.630095428037236,3.679344384547297,49.173704190843395,True,0.5481394184162038,0.6649999999999999
1,1,positive,1750,0.2,right,True,0.033,0.1,2.5692204580408147,3.546509899894128,47.317691840850756,True,0.6307044058077121,0.57
1,1,neutral,2383,0.1,left,True,0.033,0.1,2.6340868025238855,3.275687247842425,48.64643904179512,True,0.7533320002275584,0.55
1,1,positive,1440,0.5,left,True,0.033,0.1,2.87785173614635,3.7613617692460646,53.88752626560279,False,0.6500472491777151,0.7124999999999999
1,1,neutral,2480,0.1,left,True,0.033,0.1,2.5704226183402312,3.117141970415026,56.37695397016276,False,0.7345380664137129,0.55
1,1,positive,1010,0.3,right,True,0.033,0.1,3.1341010483812006,3.792025884717464,45.66894359020582,True,0.5709086219622577,0.6174999999999999
1,1,positive,1750,0.4,right,True,0.033,0.1,2.8410078306259754,3.60598161859706,50.861627870515534,False,0.7605522774245717,0.6649999999999999
1,1,neutral,2383,0.3,left,True,0.033,0.1,2.5259913067984807,3.20391014037801,53.83735979859904,False,0.5575408711264692,0.65
1,1,positive,1750,0.2,left,True,0.033,0.1,2.7457483630628703,4.272716564528969,50.65801061610611,True,0.8192826949403692,0.57
1,1,negative,2683,0.4,left,True,0.033,0.1,1.8021448348487268,4.791258125777827,60.15517467850668,True,0.6083242717109019,0.77
1,1,positive,1463,0.3,right,True,0.033,0.1,1.8952669051154696,4.241499466585291,43.607231173786495,False,0.8948690931388723,0.6174999999999999
1,1,neutral,2210,0.2,left,True,0.033,0.1,1.077727063977643,3.3636207522502013,60.08557504684839,False,0.6829022231184537,0.6
1,1,positive,1750,0.2,right,True,0.033,0.1,1.3321058286125058,4.40201738986008,45.409491743010335,True,0.673706448629531,0.57
1,1,positive,1010,0.3,left,True,0.033,0.1,2.232047161546648,4.016057814434051,45.87201494768384,True,0.8712386733039714,0.6174999999999999
1,1,neutral,2383,0.2,left,True,0.033,0.1,3.066019114803574,3.0468361105811486,52.76419813768213,True,0.829968891236917,0.6
1,1,neutral,2190,0.5,left,True,0.033,0.1,1.486299066828714,3.1758956690795044,55.68936499829465,True,0.6895275347568461,0.75
1,1,positive,1463,0.1,right,True,0.033,0.1,3.524661126807291,3.5112891227765286,52.34785699390334,True,0.8431817052736935,0.5225
1,1,neutral,2383,0.4,right,True,0.033,0.1,2.91526333903828,3.5162222729351913,53.45146602433849,True,0.37903414148086817,0.7
1,1,negative,2683,0.2,right,True,0.033,0.1,2.3860424319640807,4.631119760325755,45.020017946416644,True,0.6271950077918913,0.66
1,1,negative,1050,0.2,right,True,0.033,0.1,2.6665770372101827,4.918971267912473,56.88185249202056,True,0.4205849131335403,0.66
1,1,positive,1710,0.4,left,True,0.033,0.1,3.224405942186523,3.602216087380015,53.373564641376994,True,0.6158468105713567,0.6649999999999999
1,1,neutral,2190,0.5,left,True,0.033,0.1,2.6008792980853443,3.6715880165896437,53.831396952618235,True,0.6446391572791874,0.75
1,1,positive,1010,0.1,left,True,0.033,0.1,2.215933767200356,3.936134686110657,47.02592355879927,True,0.9386282911940212,0.5225
1,1,neutral,2480,0.3,left,True,0.033,0.1,1.5110288210259921,3.6889924565580254,59.536169213602676,True,0.6590595267108508,0.65
1,1,neutral,2210,0.2,left,True,0.033,0.1,2.5867828787256415,3.497277002273109,51.46626924899427,True,0.8126932923855666,0.6
1,1,negative,2683,0.5,left,True,0.033,0.1,3.682109675521798,5.061430819421148,51.180227424587834,True,0.45638141912606456,0.8250000000000001
1,1,positive,1750,0.5,left,True,0.033,0.1,1.6043291721836914,3.8164435112333575,50.78619035161335,False,0.8666667612427176,0.7124999999999999
1,1,positive,1440,0.1,left,True,0.033,0.1,2.1070303736389313,3.3538359670083775,57.77182649285884,True,0.6739975118038853,0.5225
1,1,negative,1930,0.4,right,True,0.033,0.1,4.461552084983937,4.972853347527299,46.21609319144538,False,0.4852688756943756,0.77
1,1,neutral,2210,0.1,right,True,0.033,0.1,1.638148587385778,3.1081642095503534,55.26312540081008,False,0.7578173033013428,0.55
1,1,positive,1010,0.1,left,True,0.033,0.1,1.8357818350817672,3.6594099514164187,54.92008562987352,True,0.6086606576215341,0.5225
1,1,negative,1930,0.3,left,True,0.033,0.1,3.7457434045889313,4.487096410307204,41.78422994384829,True,0.3708146412827531,0.7150000000000001
1,1,negative,1050,0.3,right,True,0.033,0.1,4.087177600857646,4.138630981430125,49.53488770452948,False,0.669484726541963,0.7150000000000001
1,1,positive,1440,0.4,left,True,0.033,0.1,1.2768969163950519,4.186391815204213,49.56864521433409,True,0.6596209834476437,0.6649999999999999
1,1,negative,1930,0.5,right,True,0.033,0.1,2.1222469710817937,4.3278048558625475,47.98817916482728,True,0.5324119465692233,0.8250000000000001
1,1,negative,1930,0.1,left,True,0.033,0.1,3.0065410780843003,4.26538859981214,46.621804152935624,False,0.7786937138122644,0.6050000000000001
1,1,negative,1050,0.3,right,True,0.033,0.1,2.2615283231496237,4.177232509776788,48.525855689986685,True,0.5873661318878698,0.7150000000000001
1,1,neutral,2383,0.3,right,True,0.033,0.1,1.6276353195902462,3.535832400594132,54.730998378640805,False,0.5889681014897888,0.65
1,1,negative,2120,0.1,left,True,0.033,0.1,3.8498051166696152,5.127753749323687,42.590771788738515,True,0.8384818580543746,0.6050000000000001
1,1,positive,1710,0.2,left,True,0.033,0.1,3.3980690479382183,4.25484768143031,51.156861121738835,True,0.7521900982927677,0.57
1,1,positive,1440,0.5,right,True,0.033,0.1,2.952048658875571,3.583289175590703,49.46283047896916,False,0.5440282767505621,0.7124999999999999
1,1,negative,1300,0.2,right,True,0.033,0.1,4.015042120071456,3.9004448709033785,49.48470452224093,False,0.6974260494422541,0.66
1,1,positive,1750,0.2,left,True,0.033,0.1,2.9760122210678612,4.174821738493563,42.3116738920904,True,0.6385961975626113,0.57
1,1,neutral,2514,0.5,right,True,0.033,0.1,2.6072671475010707,3.6335926195567163,60.636818320959634,False,0.5108682099491287,0.75
1,1,negative,1300,0.3,right,True,0.033,0.1,3.8826516699663425,4.770740109702172,51.420580257012574,True,0.6088981132246325,0.7150000000000001
1,1,negative,1050,0.4,right,True,0.033,0.1,3.9510623594274663,4.366224697524062,48.870831825421725,False,0.6475688169158224,0.77
1,1,positive,1463,0.5,left,True,0.033,0.1,1.898262096738937,3.718484537513007,47.68162701299483,False,0.5132670263768123,0.7124999999999999
1,1,negative,2683,0.5,right,True,0.033,0.1,3.331391559552478,4.648085544387609,45.87170476904941,True,0.47194626428529196,0.8250000000000001
1,1,positive,1710,0.3,left,True,0.033,0.1,3.334840003875849,3.823301364848691,51.7170984120947,False,0.6485235324745179,0.6174999999999999
1,1,positive,1710,0.3,left,True,0.033,0.1,2.732770977786937,3.8135260180766757,51.40816819342767,True,0.6199349167689179,0.6174999999999999
1,1,positive,1463,0.5,left,True,0.033,0.1,3.087172051297258,4.0861941625464535,37.61756972819807,False,0.6509515229960332,0.7124999999999999
1,1,neutral,2210,0.4,right,True,0.033,0.1,1.4456602073687148,3.3508143724531703,41.52784319447022,True,0.7811704156891501,0.7
1,1,negative,1050,0.5,right,True,0.033,0.1,4.380560551291046,4.773295922313647,59.529134001166945,True,0.5159848492563968,0.8250000000000001
1,1,neutral,2210,0.5,right,True,0.033,0.1,1.7240912517824816,3.22184247201048,52.14813697152983,True,0.5581885123470025,0.75
1,1,negative,1050,0.3,left,True,0.033,0.1,3.073475540876108,3.871104177314426,40.61391225670975,True,0.6472309916363455,0.7150000000000001
1,1,neutral,2190,0.2,right,True,0.033,0.1,2.5396700570208157,3.1387184309226166,53.57394356835063,True,0.6632886072810023,0.6
1,1,positive,1440,0.4,left,True,0.033,0.1,2.6436972941617243,4.042791109420855,45.09272833232301,False,0.633445667141576,0.6649999999999999
1,1,positive,1440,0.1,left,True,0.033,0.1,2.0565038057684863,4.353524164291141,59.88141701721631,False,0.8876606243442061,0.5225
1,1,positive,1750,0.1,right,True,0.033,0.1,2.7570916440444004,4.2937671155691906,46.033269058121036,True,0.9898110656559064,0.5225
1,1,positive,1010,0.2,left,True,0.033,0.1,3.1115018640358216,3.717340910602202,50.449607075258946,False,0.5614730088897869,0.57
1,1,positive,1440,0.4,right,True,0.033,0.1,1.6659674259366577,3.3518154350389984,54.43708302817159,True,0.542243779843484,0.6649999999999999
1,1,neutral,2210,0.1,left,True,0.033,0.1,1.9958613686851763,3.2960404784729094,51.33255659661765,True,0.8367084351542589,0.55
1,1,positive,1750,0.4,right,True,0.033,0.1,3.2562178998015434,3.526339875829607,50.6280248604017,False,0.7951490355035682,0.6649999999999999
1,1,negative,1300,0.2,left,True,0.033,0.1,4.138992235000252,4.485249643469888,46.70604321798973,False,0.6816043425415219,0.66
1,1,neutral,2210,0.4,left,True,0.033,0.1,2.02617944777343,3.514697531124516,54.96398327665957,True,0.7199570693304458,0.7
